"","row","column","cor","p"
"1","Longitude.UTM","Latitude.UTM",-0.208097045569962,0.110594705504947
"2","Longitude.UTM","cover.ground",-0.237762787635521,0.0673561264857661
"3","Latitude.UTM","cover.ground",0.194691586782952,0.136051886489727
"4","Longitude.UTM","termite.count.100m",-0.112601655157977,0.391671666760936
"5","Latitude.UTM","termite.count.100m",0.0960237597197615,0.465488391960243
"6","cover.ground","termite.count.100m",-0.262817977030245,0.0424815218034746
"7","Longitude.UTM","termite.count.50m",-0.268656878158817,0.0379348979429719
"8","Latitude.UTM","termite.count.50m",0.227027429374265,0.081087415956635
"9","cover.ground","termite.count.50m",-0.276936994338842,0.0321846793323668
"10","termite.count.100m","termite.count.50m",0.687418534205226,1.30852573221318e-09
"11","Longitude.UTM","termite.large.count.100m",-0.213855782473494,0.100856442707611
"12","Latitude.UTM","termite.large.count.100m",0.0584729158673224,0.657200580522639
"13","cover.ground","termite.large.count.100m",-0.201071965890357,0.12343518660765
"14","termite.count.100m","termite.large.count.100m",0.945082534906653,0
"15","termite.count.50m","termite.large.count.100m",0.607794969128826,2.60353517411716e-07
"16","Longitude.UTM","termite.large.count.50m",-0.423492855704503,0.000747541819229536
"17","Latitude.UTM","termite.large.count.50m",0.186471192863073,0.153706250170681
"18","cover.ground","termite.large.count.50m",-0.217107111734923,0.0956600145512618
"19","termite.count.100m","termite.large.count.50m",0.65611861373199,1.26404211542308e-08
"20","termite.count.50m","termite.large.count.50m",0.870909457490988,0
"21","termite.large.count.100m","termite.large.count.50m",0.725680609753967,5.40272271365438e-11
"22","Longitude.UTM","habitat.number",0.0705250008176836,0.592331704035558
"23","Latitude.UTM","habitat.number",-0.584554864741694,9.39151970191787e-07
"24","cover.ground","habitat.number",-0.0833948376630248,0.52641377902627
"25","termite.count.100m","habitat.number",-0.0881874429972268,0.502835725879236
"26","termite.count.50m","habitat.number",-0.183364660170811,0.160801643505566
"27","termite.large.count.100m","habitat.number",-0.0996283448545442,0.448827512349845
"28","termite.large.count.50m","habitat.number",-0.183075631234797,0.16147384524615
"29","Longitude.UTM","fire.interval",-0.0411785228826774,0.754743999635438
"30","Latitude.UTM","fire.interval",-0.423412210430905,0.000749470884055192
"31","cover.ground","fire.interval",-0.297887789543312,0.0207974690103154
"32","termite.count.100m","fire.interval",-0.0535620775272988,0.684408737439623
"33","termite.count.50m","fire.interval",0.0611056243811154,0.642791658761612
"34","termite.large.count.100m","fire.interval",-0.0978514030163427,0.456999262727732
"35","termite.large.count.50m","fire.interval",0.00750495806825142,0.954616059614481
"36","habitat.number","fire.interval",0.155040595513594,0.236870670704318
"37","Longitude.UTM","poaching.all",-0.0909015822146685,0.489728416610931
"38","Latitude.UTM","poaching.all",-0.0747664773269047,0.570203726333498
"39","cover.ground","poaching.all",0.0180525295647018,0.891106802239405
"40","termite.count.100m","poaching.all",-0.140016905109632,0.285963568933861
"41","termite.count.50m","poaching.all",-0.0432463821157574,0.742842226191735
"42","termite.large.count.100m","poaching.all",-0.209068572156884,0.108902974454739
"43","termite.large.count.50m","poaching.all",-0.101900587196727,0.438496696791314
"44","habitat.number","poaching.all",0.159090909090909,0.224694078812738
"45","fire.interval","poaching.all",0.336511215231519,0.00856549970870901
"46","Longitude.UTM","poaching.high",-0.118454096448156,0.367365418155626
"47","Latitude.UTM","poaching.high",-0.293675952891694,0.0227609685808843
"48","cover.ground","poaching.high",0.143485659186682,0.274075047817192
"49","termite.count.100m","poaching.high",-0.222594776805881,0.0873655650001639
"50","termite.count.50m","poaching.high",-0.128289501447696,0.328635310235728
"51","termite.large.count.100m","poaching.high",-0.183596404822223,0.160264158317291
"52","termite.large.count.50m","poaching.high",-0.0870993536965622,0.508140637405083
"53","habitat.number","poaching.high",0.269679944985297,0.0371813451419525
"54","fire.interval","poaching.high",0.345102498753741,0.00692504152295381
"55","poaching.all","poaching.high",0.741619848709566,1.21787024909281e-11
"56","Longitude.UTM","boundary.distance",0.725344034572664,5.5691451450457e-11
"57","Latitude.UTM","boundary.distance",0.485752093526119,8.34490229106866e-05
"58","cover.ground","boundary.distance",-0.0795732544053889,0.545600775303647
"59","termite.count.100m","boundary.distance",-0.0739160726868479,0.57460943507409
"60","termite.count.50m","boundary.distance",-0.123691050579591,0.346410582397499
"61","termite.large.count.100m","boundary.distance",-0.19606927680348,0.13324874834104
"62","termite.large.count.50m","boundary.distance",-0.296877424501604,0.0212548734868203
"63","habitat.number","boundary.distance",-0.332321151051733,0.00948162007659503
"64","fire.interval","boundary.distance",-0.307359912097167,0.0169008739454255
"65","poaching.all","boundary.distance",-0.143789092004805,0.273050967529564
"66","poaching.high","boundary.distance",-0.34998573231565,0.00612095625439535
"67","Longitude.UTM","road.distance",-0.108298663558564,0.410134075354468
"68","Latitude.UTM","road.distance",-0.105720566638681,0.421432757773625
"69","cover.ground","road.distance",-0.122014004142242,0.35303879184451
"70","termite.count.100m","road.distance",0.0121713854316844,0.926460270296174
"71","termite.count.50m","road.distance",0.0902859327077948,0.492685760252962
"72","termite.large.count.100m","road.distance",-0.0419836509191305,0.750103086444743
"73","termite.large.count.50m","road.distance",0.00455864051082891,0.972423870572041
"74","habitat.number","road.distance",0.126776356615395,0.334419655950425
"75","fire.interval","road.distance",0.454777722276964,0.00026175362555092
"76","poaching.all","road.distance",0.154733207061826,0.237812972142617
"77","poaching.high","road.distance",0.161296641623565,0.218249321799592
"78","boundary.distance","road.distance",-0.13149316017961,0.316598470313693
"79","Longitude.UTM","road.major.distance",0.130180369162265,0.321496406988567
"80","Latitude.UTM","road.major.distance",-0.261714688303224,0.0433891170124687
"81","cover.ground","road.major.distance",-0.183728476939478,0.159958435800135
"82","termite.count.100m","road.major.distance",0.0104873053143912,0.936612961305738
"83","termite.count.50m","road.major.distance",-0.0907808456776701,0.49030765413088
"84","termite.large.count.100m","road.major.distance",-0.029047319624494,0.825627458203676
"85","termite.large.count.50m","road.major.distance",-0.132826178283779,0.311674125905598
"86","habitat.number","road.major.distance",0.150945564830919,0.249635850345419
"87","fire.interval","road.major.distance",0.399250669023149,0.00157737353182186
"88","poaching.all","road.major.distance",-0.0137042012960469,0.917229579837856
"89","poaching.high","road.major.distance",0.000714984083464749,0.995674099820824
"90","boundary.distance","road.major.distance",-0.0379101239260293,0.773670783390657
"91","road.distance","road.major.distance",0.649816037923372,1.93363627332133e-08
"92","Longitude.UTM","urema.distance",-0.675014950980345,3.32164740157737e-09
"93","Latitude.UTM","urema.distance",-0.561744323370773,3.01357233323252e-06
"94","cover.ground","urema.distance",0.0432579465393792,0.74277583108048
"95","termite.count.100m","urema.distance",0.024505745030699,0.852558101377909
"96","termite.count.50m","urema.distance",0.0549848470151641,0.676482942678173
"97","termite.large.count.100m","urema.distance",0.132984688778919,0.311091856863856
"98","termite.large.count.50m","urema.distance",0.209113085596826,0.10882594294131
"99","habitat.number","urema.distance",0.343671721411135,0.00717749424044212
"100","fire.interval","urema.distance",0.350554604048752,0.0060328317994367
"101","poaching.all","urema.distance",0.083133379765919,0.527715699337321
"102","poaching.high","urema.distance",0.25949112916607,0.0452667722116393
"103","boundary.distance","urema.distance",-0.933561673379761,0
"104","road.distance","urema.distance",0.175035893493151,0.181009210476815
"105","road.major.distance","urema.distance",0.0977625094590168,0.457410190170866
"106","Longitude.UTM","pan.distance",0.254114788056107,0.0500834750879169
"107","Latitude.UTM","pan.distance",-0.346579148520369,0.00667267287959095
"108","cover.ground","pan.distance",-0.0405445285550993,0.758404552612737
"109","termite.count.100m","pan.distance",-0.221868678085141,0.0884294253257796
"110","termite.count.50m","pan.distance",-0.213110236831936,0.102078321151901
"111","termite.large.count.100m","pan.distance",-0.236607778591431,0.0687373927112955
"112","termite.large.count.50m","pan.distance",-0.233438018530663,0.0726447965042933
"113","habitat.number","pan.distance",0.392675985532704,0.00191339834711624
"114","fire.interval","pan.distance",0.115686778651254,0.378742333772645
"115","poaching.all","pan.distance",-0.102396917803464,0.436257965096974
"116","poaching.high","pan.distance",-0.0136524164125132,0.917541260491067
"117","boundary.distance","pan.distance",-0.00245438277342079,0.985150902158294
"118","road.distance","pan.distance",0.332029076611573,0.00954853853445137
"119","road.major.distance","pan.distance",0.339144224596572,0.00803010378534386
"120","urema.distance","pan.distance",0.0133426343390281,0.919406019800134
"121","Longitude.UTM","river.distance",0.205972190370884,0.114365119351939
"122","Latitude.UTM","river.distance",-0.289494068468947,0.0248634525547264
"123","cover.ground","river.distance",-0.17158661284535,0.189894394187541
"124","termite.count.100m","river.distance",-0.0412537992944337,0.754309723418359
"125","termite.count.50m","river.distance",-0.159036859474506,0.224853646665095
"126","termite.large.count.100m","river.distance",-0.00204713491474151,0.987614553411712
"127","termite.large.count.50m","river.distance",-0.0908411323470616,0.490018382004428
"128","habitat.number","river.distance",0.293764980907349,0.0227178973896442
"129","fire.interval","river.distance",0.142250974889007,0.27826841687786
"130","poaching.all","river.distance",-0.0379326878270588,0.773539654931596
"131","poaching.high","river.distance",-0.0502457585401258,0.70301353003239
"132","boundary.distance","river.distance",-0.0368630192575044,0.779762817363417
"133","road.distance","river.distance",0.12111713164339,0.35661534974549
"134","road.major.distance","river.distance",0.190391984855196,0.145085343329715
"135","urema.distance","river.distance",-0.0388607817214366,0.768151598791291
"136","pan.distance","river.distance",0.522450179725383,1.85373663339483e-05
"137","Longitude.UTM","tree.100m",0.514672887415676,2.58730282463038e-05
"138","Latitude.UTM","tree.100m",-0.521016753886764,1.97243717270368e-05
"139","cover.ground","tree.100m",-0.198128030873235,0.12914130534479
"140","termite.count.100m","tree.100m",-0.140974776922409,0.282647245013142
"141","termite.count.50m","tree.100m",-0.312110646721418,0.0151938473000686
"142","termite.large.count.100m","tree.100m",-0.148953339372969,0.256012311778666
"143","termite.large.count.50m","tree.100m",-0.323506409218559,0.0116903042618501
"144","habitat.number","tree.100m",0.711658147907946,1.8437518178871e-10
"145","fire.interval","tree.100m",0.0120547283957089,0.927163194923162
"146","poaching.all","tree.100m",-0.0905953144575255,0.49119844509218
"147","poaching.high","tree.100m",-0.013724121088157,0.917109690737611
"148","boundary.distance","tree.100m",0.126418229192716,0.335797977003085
"149","road.distance","tree.100m",-0.0303176947878029,0.818128617885472
"150","road.major.distance","tree.100m",0.132627130033542,0.312406295847042
"151","urema.distance","tree.100m",-0.0385375055484745,0.770027157521804
"152","pan.distance","tree.100m",0.441720923973554,0.000410602789308712
"153","river.distance","tree.100m",0.328864766537833,0.0103002255062776
"154","Longitude.UTM","tree.250m",0.588301127657104,7.68867908007564e-07
"155","Latitude.UTM","tree.250m",-0.586657680579218,8.3965552244436e-07
"156","cover.ground","tree.250m",-0.248626073989361,0.0554244325576514
"157","termite.count.100m","tree.250m",-0.122514193786382,0.351053762432317
"158","termite.count.50m","tree.250m",-0.276191931867711,0.0326703808787581
"159","termite.large.count.100m","tree.250m",-0.162434647886418,0.214975349960027
"160","termite.large.count.50m","tree.250m",-0.346624102760967,0.00666511788729629
"161","habitat.number","tree.250m",0.6987673178094,5.35518740463203e-10
"162","fire.interval","tree.250m",0.0289567507920309,0.826162673414237
"163","poaching.all","tree.250m",-0.0426108528855867,0.746493857929317
"164","poaching.high","tree.250m",0.0541865891680429,0.68092555158966
"165","boundary.distance","tree.250m",0.137438663508786,0.295016644420824
"166","road.distance","tree.250m",-0.0211271154999063,0.872703662726526
"167","road.major.distance","tree.250m",0.140492408642826,0.284314103617995
"168","urema.distance","tree.250m",-0.0630997237207797,0.631963959631714
"169","pan.distance","tree.250m",0.46662426712026,0.000171230014686996
"170","river.distance","tree.250m",0.374114568460006,0.00323308283429768
"171","tree.100m","tree.250m",0.947685072203442,0
"172","Longitude.UTM","tree.500m",0.641000922557773,3.44761774684343e-08
"173","Latitude.UTM","tree.500m",-0.579934437208096,1.1978635803267e-06
"174","cover.ground","tree.500m",-0.220768837542264,0.0900602187151691
"175","termite.count.100m","tree.500m",-0.149316852950882,0.254840681900361
"176","termite.count.50m","tree.500m",-0.298139971510703,0.0206846150915649
"177","termite.large.count.100m","tree.500m",-0.196395427485228,0.132591559104003
"178","termite.large.count.50m","tree.500m",-0.379893175625105,0.00275479098592069
"179","habitat.number","tree.500m",0.650695340069197,1.823374295995e-08
"180","fire.interval","tree.500m",0.0290644639189991,0.825526153117691
"181","poaching.all","tree.500m",-0.00229212082042509,0.986132492719325
"182","poaching.high","tree.500m",0.0856874499339229,0.51506665812909
"183","boundary.distance","tree.500m",0.188082415744483,0.150118763426348
"184","road.distance","tree.500m",-0.00142413923713417,0.991383588670609
"185","road.major.distance","tree.500m",0.150483844513909,0.251103954018649
"186","urema.distance","tree.500m",-0.120026596150961,0.360994034752179
"187","pan.distance","tree.500m",0.490654098634773,6.89299109564168e-05
"188","river.distance","tree.500m",0.391719494888032,0.00196728027863524
"189","tree.100m","tree.500m",0.884798092786609,0
"190","tree.250m","tree.500m",0.971403831188697,0
"191","Longitude.UTM","tree.1km",0.606933463518018,2.73535889494525e-07
"192","Latitude.UTM","tree.1km",-0.671884068790208,4.17280054954006e-09
"193","cover.ground","tree.1km",-0.232676656407199,0.0736092193475653
"194","termite.count.100m","tree.1km",-0.0910548514045357,0.488993619578302
"195","termite.count.50m","tree.1km",-0.277855175482681,0.0315944255878122
"196","termite.large.count.100m","tree.1km",-0.138419062009592,0.291552348513
"197","termite.large.count.50m","tree.1km",-0.349589821027622,0.00618295153523141
"198","habitat.number","tree.1km",0.617560709670587,1.47192333876944e-07
"199","fire.interval","tree.1km",0.155397007252623,0.235781309499844
"200","poaching.all","tree.1km",0.0351007317232406,0.790045395458526
"201","poaching.high","tree.1km",0.11456222994576,0.383425233815286
"202","boundary.distance","tree.1km",0.112329391695778,0.392825071506704
"203","road.distance","tree.1km",0.0765082324514064,0.561229469096384
"204","road.major.distance","tree.1km",0.214263954835969,0.100192311343302
"205","urema.distance","tree.1km",-0.0183203177917899,0.889501521545272
"206","pan.distance","tree.1km",0.50290565461443,4.22009219711583e-05
"207","river.distance","tree.1km",0.424944343633796,0.000713580555484317
"208","tree.100m","tree.1km",0.826889048704844,4.44089209850063e-16
"209","tree.250m","tree.1km",0.921039237547787,0
"210","tree.500m","tree.1km",0.959186103403323,0
"211","Longitude.UTM","termites.100m",0.216636527182882,0.0963989312067235
"212","Latitude.UTM","termites.100m",-0.053746993302217,0.683376692492085
"213","cover.ground","termites.100m",-0.0404316154115195,0.759057046168195
"214","termite.count.100m","termites.100m",0.150424741060206,0.251292304344304
"215","termite.count.50m","termites.100m",0.0608455076608163,0.64420958655817
"216","termite.large.count.100m","termites.100m",0.147323110094641,0.261311435529675
"217","termite.large.count.50m","termites.100m",0.0457867211314817,0.728302846832899
"218","habitat.number","termites.100m",0.200226742853492,0.125053464423149
"219","fire.interval","termites.100m",0.0994917932281922,0.449452602743903
"220","poaching.all","termites.100m",-0.105739721901825,0.421348158415914
"221","poaching.high","termites.100m",-0.00558667910495627,0.966208348234788
"222","boundary.distance","termites.100m",0.127444830856703,0.331856423793535
"223","road.distance","termites.100m",-0.0963191452471681,0.46411061620701
"224","road.major.distance","termites.100m",-0.0081405243492932,0.950777233328424
"225","urema.distance","termites.100m",-0.149423221872592,0.254498535254678
"226","pan.distance","termites.100m",0.114435853351217,0.383953646717751
"227","river.distance","termites.100m",0.191341414952996,0.143053096231885
"228","tree.100m","termites.100m",0.2846199446472,0.0275183772279142
"229","tree.250m","termites.100m",0.215159726191414,0.0987467200327357
"230","tree.500m","termites.100m",0.200221082652706,0.125064355563438
"231","tree.1km","termites.100m",0.181222156187914,0.165833699028599
"232","Longitude.UTM","termites.250m",0.313274320014637,0.0147990126908635
"233","Latitude.UTM","termites.250m",-0.20930168971682,0.108500024833082
"234","cover.ground","termites.250m",-0.125199251661789,0.340516084375238
"235","termite.count.100m","termites.250m",0.243648255398904,0.0606594327627596
"236","termite.count.50m","termites.250m",0.18645471540504,0.153743263220329
"237","termite.large.count.100m","termites.250m",0.219522435559028,0.0919367170887662
"238","termite.large.count.50m","termites.250m",0.112536626886886,0.391946967525749
"239","habitat.number","termites.250m",0.297187569527852,0.0211135681911536
"240","fire.interval","termites.250m",0.0536918087946487,0.683684625971376
"241","poaching.all","termites.250m",-0.0943301012810894,0.47343074502702
"242","poaching.high","termites.250m",0.0568682911159234,0.666044451234989
"243","boundary.distance","termites.250m",0.0904656922614274,0.491821302030128
"244","road.distance","termites.250m",-0.0664533688776585,0.613927192067673
"245","road.major.distance","termites.250m",0.0489350231018038,0.710415619506019
"246","urema.distance","termites.250m",-0.124830932781771,0.341949775689394
"247","pan.distance","termites.250m",0.220867894059173,0.0899123832657516
"248","river.distance","termites.250m",0.276626303208692,0.0323864794249618
"249","tree.100m","termites.250m",0.404638671977699,0.00134253864526768
"250","tree.250m","termites.250m",0.424127043386844,0.000732527585953768
"251","tree.500m","termites.250m",0.41279816979669,0.00104635540593101
"252","tree.1km","termites.250m",0.374293115017394,0.00321726717159443
"253","termites.100m","termites.250m",0.823195972976955,6.66133814775094e-16
"254","Longitude.UTM","termites.500m",0.420401005018621,0.000824802325571028
"255","Latitude.UTM","termites.500m",-0.19674139831382,0.131897107418876
"256","cover.ground","termites.500m",-0.177041896963974,0.175982173983739
"257","termite.count.100m","termites.500m",0.130731487523636,0.319434383486535
"258","termite.count.50m","termites.500m",0.0447267092538327,0.73435848775078
"259","termite.large.count.100m","termites.500m",0.115099403908813,0.381184015874858
"260","termite.large.count.50m","termites.500m",-0.0220406948336279,0.867247827047582
"261","habitat.number","termites.500m",0.21697059575041,0.0958739171456693
"262","fire.interval","termites.500m",0.0507380224602428,0.700240601394076
"263","poaching.all","termites.500m",-0.0335797509299485,0.798948782777625
"264","poaching.high","termites.500m",0.146628985153582,0.263589972227995
"265","boundary.distance","termites.500m",0.2021821471419,0.121333867489137
"266","road.distance","termites.500m",0.0106996468029492,0.935332246932136
"267","road.major.distance","termites.500m",0.0521936892924969,0.692063670216582
"268","urema.distance","termites.500m",-0.227160601655282,0.0809044702200976
"269","pan.distance","termites.500m",0.263691319886777,0.0417742242827503
"270","river.distance","termites.500m",0.326299255465948,0.0109467965054413
"271","tree.100m","termites.500m",0.376490304900507,0.00302818498004176
"272","tree.250m","termites.500m",0.445634019357536,0.000359452262726823
"273","tree.500m","termites.500m",0.497145074787261,5.32751747777116e-05
"274","tree.1km","termites.500m",0.457904202476457,0.000234368546958796
"275","termites.100m","termites.500m",0.701946831884079,4.13843181945595e-10
"276","termites.250m","termites.500m",0.878525232398264,0
"277","Longitude.UTM","termites.1km",0.507787004112478,3.45247522746117e-05
"278","Latitude.UTM","termites.1km",-0.293896803842437,0.0226542489555963
"279","cover.ground","termites.1km",-0.309619925179158,0.0160693992723271
"280","termite.count.100m","termites.1km",0.188807258585355,0.148525290671007
"281","termite.count.50m","termites.1km",0.0321992971525766,0.807051694944802
"282","termite.large.count.100m","termites.1km",0.176382495962012,0.177623316720826
"283","termite.large.count.50m","termites.1km",-0.0131091930228696,0.920811525288888
"284","habitat.number","termites.1km",0.309364297085527,0.0161616551380463
"285","fire.interval","termites.1km",0.105683319498573,0.42159728781321
"286","poaching.all","termites.1km",-0.0828679144321334,0.52903920813371
"287","poaching.high","termites.1km",0.0675236356869374,0.608217904028513
"288","boundary.distance","termites.1km",0.206223781331746,0.113913613684308
"289","road.distance","termites.1km",0.0315924738622581,0.810620037894612
"290","road.major.distance","termites.1km",0.104723934972854,0.425847758158208
"291","urema.distance","termites.1km",-0.224990900545816,0.083926041957699
"292","pan.distance","termites.1km",0.319868433025686,0.0127239266204933
"293","river.distance","termites.1km",0.406101116971174,0.00128447052389369
"294","tree.100m","termites.1km",0.495863080792708,5.60791434813801e-05
"295","tree.250m","termites.1km",0.568697691843161,2.13177927843589e-06
"296","tree.500m","termites.1km",0.614874376622636,1.72526002817364e-07
"297","tree.1km","termites.1km",0.612961799019056,1.93004403570285e-07
"298","termites.100m","termites.1km",0.625241376690753,9.2699270481944e-08
"299","termites.250m","termites.1km",0.782662503137448,1.50768286744096e-13
"300","termites.500m","termites.1km",0.893226284646916,0
"301","Longitude.UTM","fire2015.date",0.438747708554854,0.0249462725622254
"302","Latitude.UTM","fire2015.date",-0.0176865131916056,0.93166119743687
"303","cover.ground","fire2015.date",-0.24433307090993,0.229006038846381
"304","termite.count.100m","fire2015.date",0.361079591104234,0.0699395568638437
"305","termite.count.50m","fire2015.date",0.186205797206124,0.362415298152212
"306","termite.large.count.100m","fire2015.date",-0.0691384021280976,0.737171191274238
"307","termite.large.count.50m","fire2015.date",-0.168624421737998,0.410250225694383
"308","habitat.number","fire2015.date",0.000430994068484122,0.998332775493938
"309","fire.interval","fire2015.date",-0.189373021072042,0.354160816613622
"310","poaching.all","fire2015.date",0.106687339909621,0.603948490886074
"311","poaching.high","fire2015.date",-0.259156969371095,0.201097386335885
"312","boundary.distance","fire2015.date",0.564167799092918,0.00268209885233661
"313","road.distance","fire2015.date",-0.144136388520092,0.48237362340334
"314","road.major.distance","fire2015.date",-0.197049568538078,0.334620464933362
"315","urema.distance","fire2015.date",-0.305866760575361,0.128610591943293
"316","pan.distance","fire2015.date",-0.120086368460447,0.55899890764434
"317","river.distance","fire2015.date",-0.390783611811736,0.0483922275287452
"318","tree.100m","fire2015.date",0.186204291755267,0.362419248288059
"319","tree.250m","fire2015.date",0.217709100540252,0.285345537577054
"320","tree.500m","fire2015.date",0.234936866971423,0.247971314719612
"321","tree.1km","fire2015.date",0.269971885483638,0.182264665850962
"322","termites.100m","fire2015.date",-0.12924273879176,0.529186572737905
"323","termites.250m","fire2015.date",0.096273021645631,0.639895868792081
"324","termites.500m","fire2015.date",0.0771712847649186,0.7078800168532
"325","termites.1km","fire2015.date",0.0687516662835485,0.738590821062449
"326","Longitude.UTM","fire2016.date",0.900362481469641,0.00015746338596756
"327","Latitude.UTM","fire2016.date",-0.099025139739675,0.772066980901462
"328","cover.ground","fire2016.date",-0.549968842474897,0.0796345820606446
"329","termite.count.100m","fire2016.date",-0.334165983856857,0.315195145655431
"330","termite.count.50m","fire2016.date",-0.274314287999439,0.41432691116816
"331","termite.large.count.100m","fire2016.date",-0.334165983856857,0.315195145655431
"332","termite.large.count.50m","fire2016.date",-0.274314287999439,0.41432691116816
"333","habitat.number","fire2016.date",0.0694846913827144,0.839133037907739
"334","fire.interval","fire2016.date",-0.30555187935367,0.360850878346683
"335","poaching.all","fire2016.date",-0.350861489302331,0.290080492893908
"336","poaching.high","fire2016.date",-0.350861489302331,0.290080492893908
"337","boundary.distance","fire2016.date",0.798103623413692,0.00323585896271306
"338","road.distance","fire2016.date",-0.351580530979407,0.289024509294786
"339","road.major.distance","fire2016.date",-0.21980031078582,0.516075537802961
"340","urema.distance","fire2016.date",-0.58771603521825,0.0572457501301642
"341","pan.distance","fire2016.date",0.356640341080721,0.281653983841571
"342","river.distance","fire2016.date",0.0967440928255144,0.777201755600455
"343","tree.100m","fire2016.date",0.882013104635375,0.000327821014029395
"344","tree.250m","fire2016.date",0.881306575028729,0.000336391659411017
"345","tree.500m","fire2016.date",0.880836283011628,0.000342190109316576
"346","tree.1km","fire2016.date",0.833277156974513,0.00144332687418358
"347","termites.100m","fire2016.date",0.294478668177475,0.379382634157182
"348","termites.250m","fire2016.date",0.530074280187224,0.0934943606879688
"349","termites.500m","fire2016.date",0.77205134784442,0.00536510965557824
"350","termites.1km","fire2016.date",0.724847183396637,0.0116154815538698
"351","fire2015.date","fire2016.date",0.584800217688618,0.127846412307149
"352","Longitude.UTM","fire2017.date",0.900956038946018,2.63395132864552e-05
"353","Latitude.UTM","fire2017.date",-0.357188040735587,0.230866613205564
"354","cover.ground","fire2017.date",-0.321306259991522,0.284406970604982
"355","termite.count.100m","fire2017.date",0.730501098495009,0.00457009971261635
"356","termite.count.50m","fire2017.date",0.251864478592134,0.406472642741869
"357","termite.large.count.100m","fire2017.date",0.507359333837236,0.0767619707281839
"358","termite.large.count.50m","fire2017.date",-0.123753861978477,0.687098415740696
"359","habitat.number","fire2017.date",0.249142095561877,0.4117337075204
"360","fire.interval","fire2017.date",-0.3965777199171,0.179720953986633
"361","poaching.all","fire2017.date",-0.528745915455806,0.0631985421936405
"362","poaching.high","fire2017.date",-0.528745915455806,0.0631985421936405
"363","boundary.distance","fire2017.date",0.867022924232689,0.000124439457179104
"364","road.distance","fire2017.date",-0.284163857659124,0.346740190230623
"365","road.major.distance","fire2017.date",-0.115370009339692,0.707425446607423
"366","urema.distance","fire2017.date",-0.755263161963208,0.00283404993421077
"367","pan.distance","fire2017.date",-0.0533130010884692,0.862670868384416
"368","river.distance","fire2017.date",-0.539635189270992,0.0569866895290572
"369","tree.100m","fire2017.date",0.632222689659644,0.0204236077148581
"370","tree.250m","fire2017.date",0.611796848934553,0.0262747567656494
"371","tree.500m","fire2017.date",0.590131306729134,0.0337422336081055
"372","tree.1km","fire2017.date",0.56773170546669,0.042979695001228
"373","termites.100m","fire2017.date",-0.00244217870280802,0.993682385917155
"374","termites.250m","fire2017.date",0.30628161818735,0.308784639861168
"375","termites.500m","fire2017.date",0.20864992366548,0.493920926670751
"376","termites.1km","fire2017.date",0.486807911495047,0.0915898204135686
"377","fire2015.date","fire2017.date",0.93059694710203,0.000270824413670656
"378","fire2016.date","fire2017.date",-0.40581708972919,0.424690868481862
"379","Longitude.UTM","pans.100m",0.107150684842211,0.415143357590202
"380","Latitude.UTM","pans.100m",0.226721378431538,0.0815090935494602
"381","cover.ground","pans.100m",0.291162030167943,0.0240060233180435
"382","termite.count.100m","pans.100m",-0.0977390429817318,0.45751870214145
"383","termite.count.50m","pans.100m",-0.136781042975915,0.297355372264162
"384","termite.large.count.100m","pans.100m",-0.0873744426287368,0.506796763565602
"385","termite.large.count.50m","pans.100m",-0.124487904196324,0.343288400730296
"386","habitat.number","pans.100m",-0.217517021275385,0.0950199756817116
"387","fire.interval","pans.100m",-0.153931207848715,0.240283633692805
"388","poaching.all","pans.100m",-0.0262894864910661,0.841959107946063
"389","poaching.high","pans.100m",-0.0409139019501463,0.756271219506348
"390","boundary.distance","pans.100m",0.254428571920087,0.049791304718906
"391","road.distance","pans.100m",-0.115111813681221,0.381132332078983
"392","road.major.distance","pans.100m",-0.151135059181496,0.249035020717951
"393","urema.distance","pans.100m",-0.269041459664584,0.0376501592567777
"394","pan.distance","pans.100m",-0.209646225978836,0.107906590046334
"395","river.distance","pans.100m",-0.211326755107328,0.105047820868897
"396","tree.100m","pans.100m",-0.122108439283997,0.352663492485313
"397","tree.250m","pans.100m",-0.198704393128281,0.128008740797611
"398","tree.500m","pans.100m",-0.169580556278137,0.195203599670724
"399","tree.1km","pans.100m",-0.252693607040243,0.051424339269218
"400","termites.100m","pans.100m",0.154327430430438,0.23906082660246
"401","termites.250m","pans.100m",-0.0311972895117987,0.812945933735223
"402","termites.500m","pans.100m",0.0143864965742441,0.913124184540761
"403","termites.1km","pans.100m",-0.166727538281812,0.202935678601979
"404","fire2015.date","pans.100m",0.159613785546578,0.436062346618467
"405","fire2016.date","pans.100m",-0.368765498039846,0.264423196641647
"406","fire2017.date","pans.100m",-0.0533500984775989,0.862576123369926
"407","Longitude.UTM","pans.250m",0.140337812268129,0.284849690702718
"408","Latitude.UTM","pans.250m",0.255383501324714,0.0489107035236187
"409","cover.ground","pans.250m",0.27074785239622,0.0364080444364463
"410","termite.count.100m","pans.250m",-0.141893079550197,0.27949184732844
"411","termite.count.50m","pans.250m",-0.157086920111404,0.230663151003065
"412","termite.large.count.100m","pans.250m",-0.130560821745152,0.320072031104427
"413","termite.large.count.50m","pans.250m",-0.145506268099318,0.267303588265078
"414","habitat.number","pans.250m",-0.272650430466214,0.0350634126789098
"415","fire.interval","pans.250m",-0.195806304540579,0.133780419313166
"416","poaching.all","pans.250m",-0.073493231157841,0.576805881398369
"417","poaching.high","pans.250m",-0.088634388829443,0.500664959427821
"418","boundary.distance","pans.250m",0.310687806145678,0.0156888611592589
"419","road.distance","pans.250m",-0.188193233497961,0.149874326289214
"420","road.major.distance","pans.250m",-0.205949874617954,0.114405233380793
"421","urema.distance","pans.250m",-0.30874723860467,0.0163862203947909
"422","pan.distance","pans.250m",-0.2124186603243,0.103221977598996
"423","river.distance","pans.250m",-0.224877446443607,0.0840864550946021
"424","tree.100m","pans.250m",-0.133098011005901,0.310676010109819
"425","tree.250m","pans.250m",-0.203984404528949,0.117980777504481
"426","tree.500m","pans.250m",-0.173042577882674,0.186106483652641
"427","tree.1km","pans.250m",-0.251011583564403,0.0530489625637496
"428","termites.100m","pans.250m",0.196586417034832,0.132207854227742
"429","termites.250m","pans.250m",-0.0138008920269835,0.916647654978496
"430","termites.500m","pans.250m",0.0450840455568581,0.732315275843284
"431","termites.1km","pans.250m",-0.137446710503569,0.294988101035821
"432","fire2015.date","pans.250m",0.293606429285919,0.145451825071687
"433","fire2016.date","pans.250m",0.530857431025941,0.0929207919727624
"434","fire2017.date","pans.250m",0.0281113769921024,0.927364826406992
"435","pans.100m","pans.250m",0.972839306500766,0
"436","Longitude.UTM","pans.500m",0.116910965445149,0.373683684740742
"437","Latitude.UTM","pans.500m",0.356995235429271,0.00511008758538711
"438","cover.ground","pans.500m",0.361510709147825,0.00453954959751024
"439","termite.count.100m","pans.500m",-0.197308066936763,0.130765593379925
"440","termite.count.50m","pans.500m",-0.226305643968984,0.0820846666577197
"441","termite.large.count.100m","pans.500m",-0.174877502960817,0.181410513421739
"442","termite.large.count.50m","pans.500m",-0.198530394867556,0.12834985577705
"443","habitat.number","pans.500m",-0.381469633854645,0.00263574867458694
"444","fire.interval","pans.500m",-0.363598380801618,0.00429532197885685
"445","poaching.all","pans.500m",-0.120368555196895,0.359617490485747
"446","poaching.high","pans.500m",-0.118957115960449,0.365319925246903
"447","boundary.distance","pans.500m",0.357417050201057,0.00505424103318752
"448","road.distance","pans.500m",-0.272561705877384,0.0351251871154528
"449","road.major.distance","pans.500m",-0.302226075664574,0.0189272440096182
"450","urema.distance","pans.500m",-0.340889864189877,0.00769144440133696
"451","pan.distance","pans.500m",-0.239550706958423,0.0652619214287831
"452","river.distance","pans.500m",-0.328157755750515,0.0104750179447108
"453","tree.100m","pans.500m",-0.22253292860671,0.0874557896304384
"454","tree.250m","pans.500m",-0.295102922948991,0.0220788697474261
"455","tree.500m","pans.500m",-0.300270568963108,0.0197517342175477
"456","tree.1km","pans.500m",-0.365916402649724,0.00403780397589948
"457","termites.100m","pans.500m",0.0856460817031693,0.515270305364419
"458","termites.250m","pans.500m",-0.0960228502565613,0.465492637412562
"459","termites.500m","pans.500m",-0.103882418209637,0.429595991513792
"460","termites.1km","pans.500m",-0.260438014442675,0.0444591912760506
"461","fire2015.date","pans.500m",0.548072039575365,0.0037482451693478
"462","fire2016.date","pans.500m",0.552694979320056,0.0778490157642957
"463","fire2017.date","pans.500m",0.491376569425723,0.0881363002671467
"464","pans.100m","pans.500m",0.678436187732046,2.58055088409037e-09
"465","pans.250m","pans.500m",0.7428102004434,1.0849099396637e-11
"466","Longitude.UTM","fire2015",-0.264012953484207,0.0415161997599904
"467","Latitude.UTM","fire2015",-0.197781858924108,0.129825174822308
"468","cover.ground","fire2015",-0.108436739312315,0.409533939034622
"469","termite.count.100m","fire2015",-0.0541915724436019,0.680897784105497
"470","termite.count.50m","fire2015",0.050171066229578,0.703434610213863
"471","termite.large.count.100m","fire2015",-0.122585913915396,0.350769703061494
"472","termite.large.count.50m","fire2015",-0.017724855869708,0.893071662628082
"473","habitat.number","fire2015",0.243382174294451,0.0609501246018418
"474","fire.interval","fire2015",0.456576004647038,0.000245665548666008
"475","poaching.all","fire2015",0.233241250365516,0.0728930736343609
"476","poaching.high","fire2015",0.150414209399047,0.251325876616028
"477","boundary.distance","fire2015",-0.34214536030576,0.00745564438456459
"478","road.distance","fire2015",0.24043144183527,0.0642497073938484
"479","road.major.distance","fire2015",0.0559032998855101,0.671384944990884
"480","urema.distance","fire2015",0.37409223080194,0.00323506635173931
"481","pan.distance","fire2015",-0.0776396546227593,0.555435796516024
"482","river.distance","fire2015",-0.0654564841478309,0.619265618594324
"483","tree.100m","fire2015",-0.0358262080597384,0.78580797173019
"484","tree.250m","fire2015",-0.0244022615395729,0.85317381572324
"485","tree.500m","fire2015",-0.0298100866939742,0.821123051059932
"486","tree.1km","fire2015",-0.0137484202249556,0.916963446634489
"487","termites.100m","fire2015",-0.192714710473158,0.140151309434068
"488","termites.250m","fire2015",-0.165667428490067,0.205863348483698
"489","termites.500m","fire2015",-0.215738917913001,0.0978206898644891
"490","termites.1km","fire2015",-0.142452543050681,0.277580940627138
"491","fire2015.date","fire2015",NA,NA
"492","fire2016.date","fire2015",-0.535216953815407,0.0897702392568303
"493","fire2017.date","fire2015",0.0957738182921273,0.755618990671794
"494","pans.100m","fire2015",-0.0927093556706992,0.481098620658501
"495","pans.250m","fire2015",-0.132335918712718,0.313479460786692
"496","pans.500m","fire2015",-0.195935957865883,0.133518089967398
"497","Longitude.UTM","fire2016",-0.118989805953256,0.36518723384664
"498","Latitude.UTM","fire2016",-0.317708945517397,0.0133739927710548
"499","cover.ground","fire2016",0.0297418227766283,0.8215259417644
"500","termite.count.100m","fire2016",-0.18543675357061,0.156042711080316
"501","termite.count.50m","fire2016",-0.106262538913004,0.419042882421205
"502","termite.large.count.100m","fire2016",-0.131112626994725,0.318013281092154
"503","termite.large.count.50m","fire2016",-0.0301013841113818,0.819404343857694
"504","habitat.number","fire2016",0.194805194805195,0.135819068377085
"505","fire.interval","fire2016",0.51550077135984,2.49805220819965e-05
"506","poaching.all","fire2016",0.298701298701299,0.0204352809136643
"507","poaching.high","fire2016",0.481571330330887,9.8001400332226e-05
"508","boundary.distance","fire2016",-0.39769922244165,0.00165150134446468
"509","road.distance","fire2016",0.0951030686781442,0.469796967071936
"510","road.major.distance","fire2016",0.00976993466421216,0.940940866184407
"511","urema.distance","fire2016",0.271600527251443,0.0358002244853455
"512","pan.distance","fire2016",-0.00951248963533239,0.942494455593412
"513","river.distance","fire2016",-0.0563534599717752,0.66889161961364
"514","tree.100m","fire2016",0.0387963306746848,0.768525420787723
"515","tree.250m","fire2016",0.0323719019235362,0.806037426309334
"516","tree.500m","fire2016",0.0119071668674227,0.928052415840084
"517","tree.1km","fire2016",0.0259964206202537,0.843698644436406
"518","termites.100m","fire2016",0.0628276259855842,0.633436960062763
"519","termites.250m","fire2016",0.0206305677327692,0.875671505283041
"520","termites.500m","fire2016",-0.0034670265618498,0.979025547181393
"521","termites.1km","fire2016",-0.0187822105796228,0.886733703736786
"522","fire2015.date","fire2016",-0.435532915528646,0.0261529398477995
"523","fire2016.date","fire2016",NA,NA
"524","fire2017.date","fire2016",-0.582240619616044,0.0368123331883141
"525","pans.100m","fire2016",-0.0435859966234439,0.740893166915554
"526","pans.250m","fire2016",-0.0585112387360305,0.65698992893345
"527","pans.500m","fire2016",-0.0800151067696907,0.543365216649411
"528","fire2015","fire2016",0.281048463173354,0.0296115510369512
"529","Longitude.UTM","fire2017",0.0650087893369238,0.621669473393918
"530","Latitude.UTM","fire2017",-0.348075841096297,0.00642513078279117
"531","cover.ground","fire2017",-0.148940275818317,0.256054484258583
"532","termite.count.100m","fire2017",-0.0699580238266595,0.595318474296652
"533","termite.count.50m","fire2017",-0.0673106071577418,0.609352457051616
"534","termite.large.count.100m","fire2017",-0.0737252240298811,0.57560031935962
"535","termite.large.count.50m","fire2017",-0.0940863121378484,0.47457993095979
"536","habitat.number","fire2017",0.207363337255773,0.111885661018979
"537","fire.interval","fire2017",0.452678856462418,0.000281743708733462
"538","poaching.all","fire2017",0.140275198731847,0.285066799394516
"539","poaching.high","fire2017",0.307569533607075,0.0168222362231822
"540","boundary.distance","fire2017",-0.205961261819326,0.114384762792612
"541","road.distance","fire2017",0.33036143287025,0.00993852932368311
"542","road.major.distance","fire2017",0.167141529497197,0.201800430229621
"543","urema.distance","fire2017",0.198031868304059,0.129331002443451
"544","pan.distance","fire2017",0.0240644766679689,0.855184199624746
"545","river.distance","fire2017",-0.0446179888321953,0.734980504170041
"546","tree.100m","fire2017",0.0797277198566142,0.544818750109548
"547","tree.250m","fire2017",0.109400490010627,0.405359252936236
"548","tree.500m","fire2017",0.10365467983371,0.430613569865834
"549","tree.1km","fire2017",0.171784408134836,0.189376578671706
"550","termites.100m","fire2017",0.0336728804436225,0.798402884409968
"551","termites.250m","fire2017",-0.0422377789788219,0.748640061611636
"552","termites.500m","fire2017",-0.0836435474903817,0.525176821965947
"553","termites.1km","fire2017",0.00531291128285822,0.967863368627133
"554","fire2015.date","fire2017",-0.166520159480462,0.416200754672664
"555","fire2016.date","fire2017",-0.388327125022618,0.23791847678383
"556","fire2017.date","fire2017",NA,NA
"557","pans.100m","fire2017",-0.0617376693114563,0.639351590211391
"558","pans.250m","fire2017",-0.107202865563453,0.414914902541464
"559","pans.500m","fire2017",-0.138326184331789,0.291879390600447
"560","fire2015","fire2017",0.27485562655923,0.033556822355485
"561","fire2016","fire2017",0.378133144407586,0.00289332445427815
